,ranking,name,year,runtime,genre,rating,summary,summary_length
0,1,Jai Bhim,2021.0,164 min,"['Crime', 'Drama']",9.4,"When a tribal man is arrested for a case of alleged theft, his wife turns to a human-rights lawyer to help bring justice.",121
1,2,The Shawshank Redemption,1994.0,142 min,['Drama'],9.3,"Two imprisoned men bond over a number of years, finding solace and eventual redemption through acts of common decency.",118
2,3,The Godfather,1972.0,175 min,"['Crime', 'Drama']",9.2,"The Godfather follows Vito Corleone, Don of the Corleone family, as he passes the mantel to his unwilling son, Michael.",119
3,4,The Dark Knight,2008.0,152 min,"['Action', 'Crime', 'Drama']",9.0,"When the menace known as the Joker wreaks havoc and chaos on the people of Gotham, Batman must accept one of the greatest psychological and physical tests of his ability to fight injustice.",189
4,5,The Godfather: Part II,1974.0,202 min,"['Crime', 'Drama']",9.0,"The early life and career of Vito Corleone in 1920s New York City is portrayed, while his son, Michael, expands and tightens his grip on the family crime syndicate.",164
5,6,12 Angry Men,1957.0,96 min,"['Crime', 'Drama']",9.0,The jury in a New York City murder trial is frustrated by a single member whose skeptical caution forces them to more carefully consider the evidence before jumping to a hasty verdict.,184
6,7,The Lord of the Rings: The Return of the King,2003.0,201 min,"['Action', 'Adventure', 'Drama']",8.9,Gandalf and Aragorn lead the World of Men against Sauron's army to draw his gaze from Frodo and Sam as they approach Mount Doom with the One Ring.,146
7,8,Pulp Fiction,1994.0,154 min,"['Crime', 'Drama']",8.9,"The lives of two mob hitmen, a boxer, a gangster and his wife, and a pair of diner bandits intertwine in four tales of violence and redemption.",143
8,9,Schindler's List,1993.0,195 min,"['Biography', 'Drama', 'History']",8.9,"In German-occupied Poland during World War II, industrialist  gradually becomes concerned for his Jewish workforce after witnessing their persecution by the Nazis.",163
9,10,Inception,2010.0,148 min,"['Action', 'Adventure', 'Sci-Fi']",8.8,"A thief who steals corporate secrets through the use of dream-sharing technology is given the inverse task of planting an idea into the mind of a C.E.O., but his tragic past may doom the project and his team to disaster.",220
10,11,Spider-Man: No Way Home,2021.0,148 min,"['Action', 'Adventure', 'Fantasy']",8.8,"With Spider-Man's identity now revealed, Peter asks Doctor Strange for help. When a spell goes wrong, dangerous foes from other worlds start to appear, forcing Peter to discover what it truly means to be Spider-Man.",215
11,12,Fight Club,1999.0,139 min,['Drama'],8.8,An insomniac office worker and a devil-may-care soap maker form an underground fight club that evolves into much more.,118
12,13,The Lord of the Rings: The Fellowship of the Ring,2001.0,178 min,"['Action', 'Adventure', 'Drama']",8.8,A meek Hobbit from the Shire and eight companions set out on a journey to destroy the powerful One Ring and save Middle-earth from the Dark Lord Sauron.,152
13,14,Forrest Gump,1994.0,142 min,"['Drama', 'Romance']",8.8,"The presidencies of Kennedy and Johnson, the Vietnam War, the Watergate scandal and other historical events unfold from the perspective of an Alabama man with an IQ of 75, whose only desire is to be reunited with his childhood sweetheart.",238
14,15,"The Good, the Bad and the Ugly",1966.0,178 min,"['Adventure', 'Western']",8.8,A bounty hunting scam joins two men in an uneasy alliance against a third in a race to find a fortune in gold buried in a remote cemetery.,138
15,16,The Lord of the Rings: The Two Towers,2002.0,179 min,"['Action', 'Adventure', 'Drama']",8.7,"While Frodo and Sam edge closer to Mordor with the help of the shifty Gollum, the divided fellowship makes a stand against Sauron's new ally, Saruman, and his hordes of Isengard.",178
16,17,The Matrix,1999.0,136 min,"['Action', 'Sci-Fi']",8.7,"When a beautiful stranger leads computer hacker Neo to a forbidding underworld, he discovers the shocking truth--the life he knows is the elaborate deception of an evil cyber-intelligence.",188
17,18,Goodfellas,1990.0,146 min,"['Biography', 'Crime', 'Drama']",8.7,"The story of  and his life in the mob, covering his relationship with his wife Karen Hill and his mob partners Jimmy Conway and Tommy DeVito in the Italian-American crime syndicate.",181
18,19,Star Wars: Episode V - The Empire Strikes Back,1980.0,124 min,"['Action', 'Adventure', 'Fantasy']",8.7,"After the Rebels are brutally overpowered by the Empire on the ice planet Hoth, Luke Skywalker begins Jedi training with Yoda, while his friends are pursued across the galaxy by Darth Vader and bounty hunter Boba Fett.",218
19,20,One Flew Over the Cuckoo's Nest,1975.0,133 min,['Drama'],8.7,"A criminal pleads insanity and is admitted to a mental institution, where he rebels against the oppressive nurse and rallies up the scared patients.",148
20,21,Parasite,2019.0,132 min,"['Comedy', 'Drama', 'Thriller']",8.6,Greed and class discrimination threaten the newly formed symbiotic relationship between the wealthy Park family and the destitute Kim clan.,139
21,22,Interstellar,2014.0,169 min,"['Adventure', 'Drama', 'Sci-Fi']",8.6,A team of explorers travel through a wormhole in space in an attempt to ensure humanity's survival.,99
22,23,City of God,2002.0,130 min,"['Crime', 'Drama']",8.6,"In the slums of Rio, two kids' paths diverge as one struggles to become a photographer and the other a kingpin.",111
23,24,Spirited Away,2001.0,125 min,"['Animation', 'Adventure', 'Family']",8.6,"During her family's move to the suburbs, a sullen 10-year-old girl wanders into a world ruled by gods, witches, and spirits, and where humans are changed into beasts.",166
24,25,Saving Private Ryan,1998.0,169 min,"['Drama', 'War']",8.6,"Following the Normandy Landings, a group of U.S. soldiers go behind enemy lines to retrieve a paratrooper whose brothers have been killed in action.",148
25,26,The Green Mile,1999.0,189 min,"['Crime', 'Drama', 'Fantasy']",8.6,"The lives of guards on Death Row are affected by one of their charges: a black man accused of child murder and rape, yet who has a mysterious gift.",147
26,27,Life Is Beautiful,1997.0,116 min,"['Comedy', 'Drama', 'Romance']",8.6,"When an open-minded Jewish waiter and his son become victims of the Holocaust, he uses a perfect mixture of will, humor, and imagination to protect his son from the dangers around their camp.",191
27,28,Se7en,1995.0,127 min,"['Crime', 'Drama', 'Mystery']",8.6,"Two detectives, a rookie and a veteran, hunt a serial killer who uses the seven deadly sins as his motives.",107
28,29,The Silence of the Lambs,1991.0,118 min,"['Crime', 'Drama', 'Horror']",8.6,"A young F.B.I. cadet must receive the help of an incarcerated and manipulative cannibal killer to help catch another serial killer, a madman who skins his victims.",163
29,30,Star Wars: Episode IV - A New Hope,1977.0,121 min,"['Action', 'Adventure', 'Fantasy']",8.6,"Luke Skywalker joins forces with a Jedi Knight, a cocky pilot, a Wookiee and two droids to save the galaxy from the Empire's world-destroying battle station, while also attempting to rescue Princess Leia from the mysterious Darth Vader.",236
30,31,Hara-Kiri,1962.0,133 min,"['Action', 'Drama', 'Mystery']",8.6,"When a ronin requesting seppuku at a feudal lord's palace is told of the brutal suicide of another ronin who previously visited, he reveals how their pasts are intertwined - and in doing so challenges the clan's integrity.",222
31,32,Seven Samurai,1954.0,207 min,"['Action', 'Drama']",8.6,A poor village under attack by bandits recruits seven unemployed samurai to help them defend themselves.,104
32,33,It's a Wonderful Life,1946.0,130 min,"['Drama', 'Family', 'Fantasy']",8.6,An angel is sent from Heaven to help a desperately frustrated businessman by showing him what life would have been like if he had never existed.,144
33,34,Whiplash,2014.0,106 min,"['Drama', 'Music']",8.5,A promising young drummer enrolls at a cut-throat music conservatory where his dreams of greatness are mentored by an instructor who will stop at nothing to realize a student's potential.,187
34,35,The Intouchables,2011.0,112 min,"['Biography', 'Comedy', 'Drama']",8.5,"After he becomes a quadriplegic from a paragliding accident, an aristocrat hires a young man from the projects to be his caregiver.",131
35,36,The Prestige,2006.0,130 min,"['Drama', 'Mystery', 'Thriller']",8.5,"After a tragic accident, two stage magicians in 1890s London engage in a battle to create the ultimate illusion while sacrificing everything they have to outwit each other.",172
36,37,The Departed,2006.0,151 min,"['Action', 'Crime', 'Drama']",8.5,An undercover cop and a mole in the police attempt to identify each other while infiltrating an Irish gang in South Boston.,123
37,38,The Pianist,2002.0,150 min,"['Biography', 'Drama', 'Music']",8.5,A Polish Jewish musician struggles to survive the destruction of the Warsaw ghetto of World War II.,99
38,39,Gladiator,2000.0,155 min,"['Action', 'Adventure', 'Drama']",8.5,A former Roman General sets out to exact vengeance against the corrupt emperor who murdered his family and sent him into slavery.,129
39,40,American History X,1998.0,119 min,['Drama'],8.5,A former neo-nazi skinhead tries to prevent his younger brother from going down the same wrong path that he did.,112
40,41,The Usual Suspects,1995.0,106 min,"['Crime', 'Drama', 'Mystery']",8.5,"A sole survivor tells of the twisty events leading up to a horrific gun battle on a boat, which began when five criminals met at a seemingly random police lineup.",162
41,42,Léon: The Professional,1994.0,110 min,"['Action', 'Crime', 'Drama']",8.5,"12-year-old Mathilda is reluctantly taken in by Léon, a professional assassin, after her family is murdered. An unusual relationship forms as she becomes his protégée and learns the assassin's trade.",199
42,43,The Lion King,1994.0,88 min,"['Animation', 'Adventure', 'Drama']",8.5,"Lion prince Simba and his father are targeted by his bitter uncle, who wants to ascend the throne himself.",106
43,44,Terminator 2: Judgment Day,1991.0,137 min,"['Action', 'Sci-Fi']",8.5,"A cyborg, identical to the one who failed to kill Sarah Connor, must now protect her ten-year-old son John from a more advanced and powerful cyborg.",148
44,45,Cinema Paradiso,1988.0,155 min,"['Drama', 'Romance']",8.5,A filmmaker recalls his childhood when falling in love with the pictures at the cinema of his home village and forms a deep friendship with the cinema's projectionist.,167
45,46,Grave of the Fireflies,1988.0,89 min,"['Animation', 'Drama', 'War']",8.5,A young boy and his little sister struggle to survive in Japan during World War II.,83
46,47,Back to the Future,1985.0,116 min,"['Adventure', 'Comedy', 'Sci-Fi']",8.5,"Marty McFly, a 17-year-old high school student, is accidentally sent thirty years into the past in a time-traveling DeLorean invented by his close friend, the eccentric scientist Doc Brown.",189
47,48,Once Upon a Time in the West,1968.0,165 min,['Western'],8.5,A mysterious stranger with a harmonica joins forces with a notorious desperado to protect a beautiful widow from a ruthless assassin working for the railroad.,158
48,49,Psycho,1960.0,109 min,"['Horror', 'Mystery', 'Thriller']",8.5,"A Phoenix secretary embezzles $40,000 from her employer's client, goes on the run, and checks into a remote motel run by a young man under the domination of his mother.",168
49,50,Rear Window,1954.0,112 min,"['Mystery', 'Thriller']",8.5,"A wheelchair-bound photographer spies on his neighbors from his Greenwich Village courtyard apartment window, and becomes convinced one of them has committed murder, despite the skepticism of his fashion-model girlfriend.",221
50,51,Casablanca,1942.0,102 min,"['Drama', 'Romance', 'War']",8.5,A cynical expatriate American cafe owner struggles to decide whether or not to help his former lover and her fugitive husband escape the Nazis in French Morocco.,161
51,52,Modern Times,1936.0,87 min,"['Comedy', 'Drama', 'Family']",8.5,The Tramp struggles to live in modern industrial society with the help of a young homeless woman.,97
52,53,City Lights,1931.0,87 min,"['Comedy', 'Drama', 'Romance']",8.5,"With the aid of a wealthy erratic tippler, a dewy-eyed tramp who has fallen in love with a sightless flower girl accumulates money to be able to help her medically.",164
53,54,Hamilton,2020.0,160 min,"['Biography', 'Drama', 'History']",8.4,"The real life of one of America's foremost founding fathers and first Secretary of the Treasury, Alexander Hamilton. Captured live on Broadway from the Richard Rodgers Theater with the original Broadway cast.",208
54,55,Capernaum,2018.0,126 min,['Drama'],8.4,"While serving a five-year sentence for a violent crime, a 12-year-old boy sues his parents for neglect.",103
55,56,Joker,2019.0,122 min,"['Crime', 'Drama', 'Thriller']",8.4,"In Gotham City, mentally troubled comedian Arthur Fleck is disregarded and mistreated by society. He then embarks on a downward spiral of revolution and bloody crime. This path brings him face-to-face with his alter-ego: the Joker.",231
56,57,Your Name.,2016.0,106 min,"['Animation', 'Drama', 'Fantasy']",8.4,"Two strangers find themselves linked in a bizarre way. When a connection forms, will distance be the only thing to keep them apart?",131
57,58,Dangal,2016.0,161 min,"['Action', 'Biography', 'Drama']",8.4,Former wrestler  and his two wrestler daughters struggle towards glory at the Commonwealth Games in the face of societal oppression.,132
58,59,Spider-Man: Into the Spider-Verse,2018.0,117 min,"['Animation', 'Action', 'Adventure']",8.4,"Teen Miles Morales becomes the Spider-Man of his universe, and must join with five spider-powered individuals from other dimensions to stop a threat for all realities.",167
59,60,Avengers: Endgame,2019.0,181 min,"['Action', 'Adventure', 'Drama']",8.4,"After the devastating events of  (2018), the universe is in ruins. With the help of remaining allies, the Avengers assemble once more in order to reverse Thanos' actions and restore balance to the universe.",206
60,61,Avengers: Infinity War,2018.0,149 min,"['Action', 'Adventure', 'Sci-Fi']",8.4,The Avengers and their allies must be willing to sacrifice all in an attempt to defeat the powerful Thanos before his blitz of devastation and ruin puts an end to the universe.,176
61,62,Coco,,105 min,"['Animation', 'Adventure', 'Comedy']",8.4,"Aspiring musician Miguel, confronted with his family's ancestral ban on music, enters the Land of the Dead to find his great-great-grandfather, a legendary singer.",163
62,63,Django Unchained,2012.0,165 min,"['Drama', 'Western']",8.4,"With the help of a German bounty-hunter, a freed slave sets out to rescue his wife from a brutal plantation-owner in Mississippi.",129
63,64,The Dark Knight Rises,2012.0,164 min,"['Action', 'Crime', 'Drama']",8.4,"Eight years after the Joker's reign of anarchy, Batman, with the help of the enigmatic Catwoman, is forced from his exile to save Gotham City from the brutal guerrilla terrorist Bane.",183
64,65,3 Idiots,2009.0,170 min,"['Comedy', 'Drama']",8.4,"Two friends are searching for their long lost companion. They revisit their college days and recall the memories of their friend who inspired them to think differently, even as the rest of the world called them ""idiots"".",220
65,66,Like Stars on Earth,2007.0,165 min,"['Drama', 'Family']",8.4,"An eight-year-old boy is thought to be a lazy trouble-maker, until the new art teacher has the patience and compassion to discover the real problem behind his struggles in school.",179
66,67,WALL·E,2008.0,98 min,"['Animation', 'Adventure', 'Family']",8.4,"In the distant future, a small waste-collecting robot inadvertently embarks on a space journey that will ultimately decide the fate of mankind.",143
67,68,The Lives of Others,2006.0,137 min,"['Drama', 'Mystery', 'Thriller']",8.4,"In 1984 East Berlin, an agent of the secret police, conducting surveillance on a writer and his lover, finds himself becoming increasingly absorbed by their lives.",163
68,69,Oldboy,2003.0,101 min,"['Action', 'Drama', 'Mystery']",8.4,"After being kidnapped and imprisoned for fifteen years, Oh Dae-Su is released, only to find that he must find his captor in five days.",134
69,70,Memento,2000.0,113 min,"['Mystery', 'Thriller']",8.4,A man with short-term memory loss attempts to track down his wife's murderer.,77
70,71,Princess Mononoke,1997.0,134 min,"['Animation', 'Action', 'Adventure']",8.4,"On a journey to find the cure for a Tatarigami's curse, Ashitaka finds himself in the middle of a war between the forest gods and Tatara, a mining colony. In this quest he also meets San, the Mononoke Hime.",206
71,72,Indiana Jones and the Raiders of the Lost Ark,1981.0,115 min,"['Action', 'Adventure']",8.4,"In 1936, archaeologist and adventurer Indiana Jones is hired by the U.S. government to find the Ark of the Covenant before 's Nazis can obtain its awesome powers.",162
72,73,The Shining,1980.0,146 min,"['Drama', 'Horror']",8.4,"A family heads to an isolated hotel for the winter where a sinister presence influences the father into violence, while his psychic son sees horrific forebodings from both past and future.",188
73,74,Apocalypse Now,1979.0,147 min,"['Drama', 'Mystery', 'War']",8.4,A U.S. Army officer serving in Vietnam is tasked with assassinating a renegade Special Forces Colonel who sees himself as a god.,128
74,75,Alien,1979.0,117 min,"['Horror', 'Sci-Fi']",8.4,"After a space merchant vessel receives an unknown transmission as a distress call, one of the crew is attacked by a mysterious life form and they soon realize that its life cycle has merely begun.",196
75,76,High and Low,1963.0,143 min,"['Crime', 'Drama', 'Mystery']",8.4,An executive of a Yokohama shoe company becomes a victim of extortion when his chauffeur's son is kidnapped by mistake and held for ransom.,139
76,77,Dr. Strangelove or: How I Learned to Stop Worrying and Love the Bomb,1964.0,95 min,"['Comedy', 'War']",8.4,"An insane American general orders a bombing attack on the Soviet Union, triggering a path to nuclear holocaust that a war room full of politicians and generals frantically tries to stop.",186
77,78,Witness for the Prosecution,1957.0,116 min,"['Crime', 'Drama', 'Mystery']",8.4,A veteran British barrister must defend his client in a murder trial that has surprise after surprise.,102
78,79,Paths of Glory,1957.0,88 min,"['Drama', 'War']",8.4,"After refusing to attack an enemy position, a general accuses the soldiers of cowardice and their commanding officer must defend them.",134
79,80,Pather Panchali,1955.0,125 min,['Drama'],8.4,"Impoverished priest Harihar Ray, dreaming of a better life for himself and his family, leaves his rural Bengal village in search of work.",137
80,81,Sunset Blvd.,1950.0,110 min,"['Drama', 'Film-Noir']",8.4,A screenwriter develops a dangerous relationship with a faded film star determined to make a triumphant return.,111
81,82,The Great Dictator,1940.0,125 min,"['Comedy', 'Drama', 'War']",8.4,Dictator Adenoid Hynkel tries to expand his empire while a poor Jewish barber tries to avoid persecution from Hynkel's regime.,126
82,83,1917,2019.0,119 min,"['Action', 'Drama', 'War']",8.3,"April 6th, 1917. As an infantry battalion assembles to wage war deep in enemy territory, two soldiers are assigned to race against time and deliver a message that will stop 1,600 men from walking straight into a deadly trap.",224
83,84,The Hunt,2012.0,115 min,['Drama'],8.3,"A teacher lives a lonely life, all the while struggling over his son's custody. His life slowly gets better as he finds love and receives good news from his son, but his new luck is about to be brutally shattered by an innocent little lie.",239
84,85,A Separation,2011.0,123 min,['Drama'],8.3,A married couple are faced with a difficult decision - to improve the life of their child by moving to another country or to stay in Iran and look after a deteriorating parent who has Alzheimer's disease.,204
85,86,Incendies,2010.0,131 min,"['Drama', 'Mystery', 'War']",8.3,Twins journey to the Middle East to discover their family history and fulfill their mother's last wishes.,105
86,87,The Father,,97 min,"['Drama', 'Mystery']",8.3,"A man refuses all assistance from his daughter as he ages. As he tries to make sense of his changing circumstances, he begins to doubt his loved ones, his own mind and even the fabric of his reality.",199
87,88,Inglourious Basterds,2009.0,153 min,"['Adventure', 'Drama', 'War']",8.3,"In Nazi-occupied France during World War II, a plan to assassinate Nazi leaders by a group of Jewish U.S. soldiers coincides with a theatre owner's vengeful plans for the same.",176
88,89,Eternal Sunshine of the Spotless Mind,2004.0,108 min,"['Drama', 'Romance', 'Sci-Fi']",8.3,"When their relationship turns sour, a couple undergoes a medical procedure to have each other erased from their memories.",121
89,90,Amélie,2001.0,122 min,"['Comedy', 'Romance']",8.3,"Amélie is an innocent and naive girl in Paris with her own sense of justice. She decides to help those around her and, along the way, discovers love.",149
90,91,Requiem for a Dream,2000.0,102 min,['Drama'],8.3,The drug-induced utopias of four Coney Island people are shattered when their addictions run deep.,98
91,92,American Beauty,1999.0,122 min,['Drama'],8.3,A sexually frustrated suburban father has a mid-life crisis after becoming infatuated with his daughter's best friend.,118
92,93,Good Will Hunting,1997.0,126 min,"['Drama', 'Romance']",8.3,"Will Hunting, a janitor at M.I.T., has a gift for mathematics, but needs help from a psychologist to find direction in his life.",128
93,94,Children of Heaven,1997.0,89 min,"['Drama', 'Family', 'Sport']",8.3,"After a boy loses his sister's pair of shoes, he goes on a series of adventures in order to find them. When he can't, he tries a new way to ""win"" a new pair.",157
94,95,Toy Story,1995.0,81 min,"['Animation', 'Adventure', 'Comedy']",8.3,A cowboy doll is profoundly threatened and jealous when a new spaceman figure supplants him as top toy in a boy's room.,119
95,96,Braveheart,1995.0,178 min,"['Biography', 'Drama', 'History']",8.3,Scottish warrior William Wallace leads his countrymen in a rebellion to free his homeland from the tyranny of King Edward I of England.,135
96,97,Reservoir Dogs,1992.0,99 min,"['Crime', 'Drama', 'Thriller']",8.3,"When a simple jewelry heist goes horribly wrong, the surviving criminals begin to suspect that one of them is a police informant.",129
97,98,Full Metal Jacket,1987.0,116 min,"['Drama', 'War']",8.3,A pragmatic U.S. Marine observes the dehumanizing effects the Vietnam War has on his fellow recruits from their brutal boot camp training to the bloody street fighting in Hue.,175
98,99,Come and See,1985.0,142 min,"['Drama', 'Thriller', 'War']",8.3,"After finding an old rifle, a young boy joins the Soviet resistance movement against ruthless German forces and experiences the horrors of World War II.",152
99,100,Aliens,1986.0,137 min,"['Action', 'Adventure', 'Sci-Fi']",8.3,"Fifty-seven years after surviving an apocalyptic attack aboard her space vessel by merciless space creatures, Officer Ripley awakens from hyper-sleep and tries to warn anyone who will listen about the predators.",211
100,101,Once Upon a Time in America,1984.0,229 min,"['Crime', 'Drama']",8.3,"A former Prohibition-era Jewish gangster returns to the Lower East Side of Manhattan 35 years later, where he must once again confront the ghosts and regrets of his old life.",174
101,102,Amadeus,1984.0,160 min,"['Biography', 'Drama', 'Music']",8.3,"The life, success and troubles of , as told by , the contemporaneous composer who was insanely jealous of Mozart's talent and claimed to have murdered him.",155
102,103,Scarface,1983.0,170 min,"['Crime', 'Drama']",8.3,"In 1980 Miami, a determined Cuban immigrant takes over a drug cartel and succumbs to greed.",91
103,104,Star Wars: Episode VI - Return of the Jedi,1983.0,131 min,"['Action', 'Adventure', 'Fantasy']",8.3,"After a daring mission to rescue Han Solo from Jabba the Hutt, the Rebels dispatch to Endor to destroy the second Death Star. Meanwhile, Luke struggles to help Darth Vader back from the dark side without falling into the Emperor's trap.",236
104,105,Das Boot,1981.0,149 min,"['Drama', 'War']",8.3,"The claustrophobic world of a WWII German U-boat; boredom, filth and sheer terror.",82
105,106,Dersu Uzala,1975.0,142 min,"['Adventure', 'Biography', 'Drama']",8.3,The Russian army sends an explorer on an expedition to the snowy Siberian wilderness where he makes friends with a seasoned local hunter.,137
106,107,The Sting,1973.0,129 min,"['Comedy', 'Crime', 'Drama']",8.3,Two grifters team up to pull off the ultimate con.,50
107,108,A Clockwork Orange,1971.0,136 min,"['Crime', 'Sci-Fi']",8.3,"In the future, a sadistic gang leader is imprisoned and volunteers for a conduct-aversion experiment, but it doesn't go as planned.",131
108,109,2001: A Space Odyssey,1968.0,149 min,"['Adventure', 'Sci-Fi']",8.3,"The Monoliths push humanity to reach for the stars; after their discovery in Africa generations ago, the mysterious objects lead mankind on an awesome journey to Jupiter, with the help of H.A.L. 9000: the world's greatest supercomputer.",236
109,110,Lawrence of Arabia,1962.0,228 min,"['Adventure', 'Biography', 'Drama']",8.3,"The story of , the English officer who successfully united and led the diverse, often warring, Arab tribes during World War I in order to fight the Turks.",154
110,111,The Apartment,1960.0,125 min,"['Comedy', 'Drama', 'Romance']",8.3,"A Manhattan insurance clerk tries to rise in his company by letting its executives use his apartment for trysts, but complications and a romance of his own ensue.",162
111,112,North by Northwest,1959.0,136 min,"['Adventure', 'Mystery', 'Thriller']",8.3,"A New York City advertising executive goes on the run after being mistaken for a government agent by a group of foreign spies, and falls for a woman whose loyalties he begins to doubt.",184
112,113,Vertigo,1958.0,128 min,"['Mystery', 'Romance', 'Thriller']",8.3,"A former San Francisco police detective juggles wrestling with his personal demons and becoming obsessed with the hauntingly beautiful woman he has been hired to trail, who may be deeply disturbed.",197
113,114,Singin' in the Rain,1952.0,103 min,"['Comedy', 'Musical', 'Romance']",8.3,A silent film star falls for a chorus girl just as he and his delusionally jealous screen partner are trying to make the difficult transition to talking pictures in 1920s Hollywood.,181
114,115,Ikiru,1952.0,143 min,['Drama'],8.3,A bureaucrat tries to find meaning in his life after he discovers he has terminal cancer.,89
115,116,Bicycle Thieves,1948.0,89 min,['Drama'],8.3,"In post-war Italy, a working-class man's bicycle is stolen, endangering his efforts to find work. He and his son set out to find it.",132
116,117,Double Indemnity,1944.0,107 min,"['Crime', 'Drama', 'Film-Noir']",8.3,"A Los Angeles insurance representative lets an alluring housewife seduce him into a scheme of insurance fraud and murder that arouses the suspicion of his colleague, an insurance investigator.",192
117,118,Citizen Kane,1941.0,119 min,"['Drama', 'Mystery']",8.3,"Following the death of publishing tycoon Charles Foster Kane, reporters scramble to uncover the meaning of his final utterance; 'Rosebud'.",138
118,119,M,1931.0,99 min,"['Crime', 'Mystery', 'Thriller']",8.3,"When the police in a German city are unable to catch a child-murderer, other criminals join in the manhunt.",107
119,120,Metropolis,1927.0,153 min,"['Drama', 'Sci-Fi']",8.3,"In a futuristic city sharply divided between the working class and the city planners, the son of the city's mastermind falls in love with a working-class prophet who predicts the coming of a savior to mediate their differences.",227
120,121,The Kid,1921.0,68 min,"['Comedy', 'Drama', 'Family']",8.3,"The Tramp cares for an abandoned child, but events put that relationship in jeopardy.",85
121,122,Andhadhun,2018.0,139 min,"['Comedy', 'Crime', 'Music']",8.2,"A series of mysterious events change the life of a blind pianist, who must now report a crime that he should technically know nothing of.",137
122,123,Green Book,2018.0,130 min,"['Biography', 'Comedy', 'Drama']",8.2,A working-class Italian-American bouncer becomes the driver of an African-American classical pianist on a tour of venues through the 1960s American South.,154
123,124,A Silent Voice: The Movie,2016.0,130 min,"['Animation', 'Drama']",8.2,"A young man is ostracized by his classmates after he bullies a deaf girl to the point where she moves away. Years later, he sets off on a path for redemption.",158
124,125,Klaus,2019.0,96 min,"['Animation', 'Adventure', 'Comedy']",8.2,"A simple act of kindness always sparks another, even in a frozen, faraway place. When Smeerensburg's new postman, Jesper, befriends toymaker Klaus, their gifts melt an age-old feud and deliver a sleigh full of holiday traditions.",229
125,126,Gangs of Wasseypur,2012.0,321 min,"['Action', 'Comedy', 'Crime']",8.2,"A clash between Sultan and Shahid Khan leads to the expulsion of Khan from Wasseypur, and ignites a deadly blood feud spanning three generations.",145
126,127,The Secret in Their Eyes,2009.0,129 min,"['Drama', 'Mystery', 'Romance']",8.2,A retired legal counselor writes a novel hoping to find closure for one of his past unresolved homicide cases and for his unreciprocated love with his superior - both of which still haunt him decades later.,206
127,128,Dune,2021.0,155 min,"['Action', 'Adventure', 'Drama']",8.2,Feature adaptation of Frank Herbert's science fiction novel about the son of a noble family entrusted with the protection of the most valuable asset and most vital element in the galaxy.,186
128,129,Shutter Island,2010.0,138 min,"['Mystery', 'Thriller']",8.2,"In 1954, a U.S. Marshal investigates the disappearance of a murderer who escaped from a hospital for the criminally insane.",123
129,130,Up,2009.0,96 min,"['Animation', 'Adventure', 'Comedy']",8.2,"78-year-old Carl Fredricksen travels to Paradise Falls in his house equipped with balloons, inadvertently taking a young stowaway.",130
130,131,Miracle in Cell No. 7,2019.0,132 min,['Drama'],8.2,A story of love between a mentally-ill father who was wrongly accused of murder and his lovely six year old daughter. Prison will be their home. Based on the 2013 Korean movie  (2013).,184
131,132,The Wolf of Wall Street,2013.0,180 min,"['Biography', 'Comedy', 'Crime']",8.2,"Based on the true story of , from his rise to a wealthy stock-broker living the high life to his fall involving crime, corruption and the federal government.",157
132,133,My Father and My Son,2005.0,112 min,"['Drama', 'Family']",8.2,The family of a left-wing journalist is torn apart after the military coup of Turkey in 1980.,93
133,134,There Will Be Blood,2007.0,158 min,['Drama'],8.2,"A story of family, religion, hatred, oil and madness, focusing on a turn-of-the-century prospector in the early days of the business.",133
134,135,Pan's Labyrinth,2006.0,118 min,"['Drama', 'Fantasy', 'War']",8.2,"In the Falangist Spain of 1944, the bookish young stepdaughter of a sadistic army officer escapes into an eerie but captivating fantasy world.",142
135,136,Toy Story 3,2010.0,103 min,"['Animation', 'Adventure', 'Comedy']",8.2,"The toys are mistakenly delivered to a day-care center instead of the attic right before Andy leaves for college, and it's up to Woody to convince the other toys that they weren't abandoned and to return home.",209
136,137,Batman Begins,2005.0,140 min,"['Action', 'Crime', 'Drama']",8.2,"After training with his mentor, Batman begins his fight to free crime-ridden Gotham City from corruption.",105
137,138,Downfall,2004.0,156 min,"['Biography', 'Drama', 'History']",8.2,", the final secretary for , tells of the Nazi dictator's final days in his Berlin bunker at the end of WWII.",108
138,139,Howl's Moving Castle,2004.0,119 min,"['Animation', 'Adventure', 'Family']",8.2,"When an unconfident young woman is cursed with an old body by a spiteful witch, her only chance of breaking the spell lies with a self-indulgent yet insecure young wizard and his companions in his legged, walking castle.",220
139,140,A Beautiful Mind,2001.0,135 min,"['Biography', 'Drama']",8.2,"After , a brilliant but asocial mathematician, accepts secret work in cryptography, his life takes a turn for the nightmarish.",126
140,141,Snatch,2000.0,102 min,"['Comedy', 'Crime']",8.2,"Unscrupulous boxing promoters, violent bookmakers, a Russian gangster, incompetent amateur robbers and supposedly Jewish jewelers fight to track down a priceless stolen diamond.",177
141,142,"Lock, Stock and Two Smoking Barrels",1998.0,107 min,"['Action', 'Comedy', 'Crime']",8.2,"Eddy persuades his three pals to pool money for a vital poker game against a powerful local mobster, Hatchet Harry. Eddy loses, after which Harry gives him a week to pay back 500,000 pounds.",190
142,143,L.A. Confidential,1997.0,138 min,"['Crime', 'Drama', 'Mystery']",8.2,"As corruption grows in 1950s Los Angeles, three policemen - one strait-laced, one brutal, and one sleazy - investigate a series of murders with their own brand of justice.",171
143,144,The Bandit,1996.0,128 min,"['Crime', 'Drama', 'Thriller']",8.2,"Baran the Bandit, released from prison after 35 years, searches for vengeance and his lover.",92
144,145,Heat,1995.0,170 min,"['Action', 'Crime', 'Drama']",8.2,A group of high-end professional thieves start to feel the heat from the LAPD when they unknowingly leave a clue at their latest heist.,135
145,146,Casino,1995.0,178 min,"['Crime', 'Drama']",8.2,"A tale of greed, deception, money, power, and murder occur between two best friends: a mafia enforcer and a casino executive compete against each other over a gambling empire, and over a fast-living and fast-loving socialite.",225
146,147,Unforgiven,1992.0,130 min,"['Drama', 'Western']",8.2,"Retired Old West gunslinger William Munny reluctantly takes on one last job, with the help of his old partner Ned Logan and a young man, The ""Schofield Kid.""",157
147,148,Indiana Jones and the Last Crusade,1989.0,127 min,"['Action', 'Adventure']",8.2,"In 1938, after his father Professor Henry Jones, Sr. goes missing while pursuing the Holy Grail, Professor Henry ""Indiana"" Jones, Jr. finds himself up against 's Nazis again to stop them from obtaining its powers.",213
148,149,My Neighbor Totoro,1988.0,86 min,"['Animation', 'Comedy', 'Family']",8.2,"When two girls move to the country to be near their ailing mother, they have adventures with the wondrous forest spirits who live nearby.",137
149,150,Die Hard,1988.0,132 min,"['Action', 'Thriller']",8.2,An NYPD officer tries to save his wife and several others taken hostage by German terrorists during a Christmas party at the Nakatomi Plaza in Los Angeles.,155
150,151,Ran,1985.0,162 min,"['Action', 'Drama', 'War']",8.2,"In Medieval Japan, an elderly warlord retires, handing over his empire to his three sons. However, he vastly underestimates how the new-found power will corrupt them and cause them to turn on each other...and him.",213
151,152,Raging Bull,1980.0,129 min,"['Biography', 'Drama', 'Sport']",8.2,"The life of boxer , whose violence and temper that led him to the top in the ring destroyed his life outside of it.",115
152,153,Autumn Sonata,1978.0,99 min,"['Drama', 'Music']",8.2,"A devoted wife is visited by her mother, a successful concert pianist who had little time for her when she was young.",117
153,154,Taxi Driver,1976.0,114 min,"['Crime', 'Drama']",8.2,"A mentally unstable veteran works as a nighttime taxi driver in New York City, where the perceived decadence and sleaze fuels his urge for violent action.",154
154,155,Monty Python and the Holy Grail,1975.0,91 min,"['Adventure', 'Comedy', 'Fantasy']",8.2,"King Arthur and his Knights of the Round Table embark on a surreal, low-budget search for the Holy Grail, encountering many, very silly obstacles.",146
155,156,Chinatown,1974.0,130 min,"['Drama', 'Mystery', 'Thriller']",8.2,"A private detective hired to expose an adulterer in 1930s Los Angeles finds himself caught up in a web of deceit, corruption, and murder.",137
156,157,Z,1969.0,127 min,"['Crime', 'Drama', 'History']",8.2,The public murder of a prominent politician and doctor amid a violent demonstration is covered up by military and government officials. A tenacious magistrate is determined not to let them get away with it.,206
157,158,For a Few Dollars More,1965.0,132 min,['Western'],8.2,Two bounty hunters with the same intentions team up to track down an escaped Mexican outlaw.,92
158,159,The Great Escape,1963.0,172 min,"['Adventure', 'Drama', 'History']",8.2,Allied prisoners of war plan for several hundred of their number to escape from a German camp during World War II.,114
159,160,To Kill a Mockingbird,1962.0,129 min,"['Crime', 'Drama']",8.2,"Atticus Finch, a widowed lawyer in Depression-era Alabama, defends a black man against an undeserved rape charge, and his children against prejudice.",149
160,161,Yojimbo,1961.0,110 min,"['Action', 'Drama', 'Thriller']",8.2,A crafty ronin comes to a town divided by two criminal gangs and decides to play them against each other to free the town.,122
161,162,Judgment at Nuremberg,1961.0,179 min,"['Drama', 'War']",8.2,"In 1948, an American court in occupied Germany tries four Nazis judged for war crimes.",86
162,163,Some Like It Hot,1959.0,121 min,"['Comedy', 'Music', 'Romance']",8.2,"After two male musicians witness a mob hit, they flee the state in an all-female band disguised as women, but further complications set in.",139
163,164,Wild Strawberries,1957.0,91 min,"['Drama', 'Romance']",8.2,"After living a life marked by coldness, an aging professor is forced to confront the emptiness of his existence.",112
164,165,The Seventh Seal,1957.0,96 min,"['Drama', 'Fantasy', 'History']",8.2,"A knight returning to Sweden after the Crusades seeks answers about life, death, and the existence of God as he plays chess against the Grim Reaper during the Black Plague.",172
165,166,Dial M for Murder,1954.0,105 min,"['Crime', 'Thriller']",8.2,A former tennis player tries to arrange his wife's murder after learning of her affair.,87
166,167,Tokyo Story,1953.0,136 min,['Drama'],8.2,"An old couple visit their children and grandchildren in the city, but receive little attention.",95
167,168,Rashomon,1950.0,88 min,"['Crime', 'Drama', 'Mystery']",8.2,"The rape of a bride and the murder of her samurai husband are recalled from the perspectives of a bandit, the bride, the samurai's ghost and a woodcutter.",154
168,169,All About Eve,1950.0,138 min,['Drama'],8.2,A seemingly timid but secretly ruthless ingénue insinuates herself into the lives of an aging Broadway star and her circle of theater friends.,142
169,170,The Treasure of the Sierra Madre,1948.0,126 min,"['Adventure', 'Drama', 'Western']",8.2,Two down-on-their-luck Americans searching for work in 1920s Mexico convince an old prospector to help them mine for gold in the Sierra Madre Mountains.,152
170,171,To Be or Not to Be,1942.0,99 min,"['Comedy', 'Romance', 'War']",8.2,"During the Nazi occupation of Poland, an acting troupe becomes embroiled in a Polish soldier's efforts to track down a German spy.",130
171,172,The Gold Rush,1925.0,95 min,"['Adventure', 'Comedy', 'Drama']",8.2,"A prospector goes to the Klondike during the 1890s gold rush in hopes of making his fortune, and is smitten with a girl he sees in a dance hall.",144
172,173,Sherlock Jr.,1924.0,45 min,"['Action', 'Comedy', 'Romance']",8.2,"A film projectionist longs to be a detective, and puts his meagre skills to work when he is framed by a rival for stealing his girlfriend's father's pocketwatch.",161
173,174,"Three Billboards Outside Ebbing, Missouri",2017.0,115 min,"['Comedy', 'Crime', 'Drama']",8.1,A mother personally challenges the local authorities to solve her daughter's murder when they fail to catch the culprit.,120
174,175,The Handmaiden,2016.0,145 min,"['Drama', 'Romance', 'Thriller']",8.1,"A woman is hired as a handmaiden to a Japanese heiress, but secretly she is involved in a plot to defraud her.",110
175,176,Logan,2017.0,137 min,"['Action', 'Drama', 'Sci-Fi']",8.1,"In a future where mutants are nearly extinct, an elderly and weary Logan leads a quiet life. But when Laura, a mutant child pursued by scientists, comes to him for help, he must get her to safety.",196
176,177,Room,,118 min,"['Drama', 'Thriller']",8.1,"Held captive for 7 years in an enclosed space, a woman and her young son finally gain their freedom, allowing the boy to experience the outside world for the first time.",169
177,178,Wild Tales,2014.0,122 min,"['Comedy', 'Drama', 'Thriller']",8.1,Six short stories that explore the extremities of human behavior involving people in distress.,94
178,179,The Grand Budapest Hotel,2014.0,99 min,"['Adventure', 'Comedy', 'Crime']",8.1,"A writer encounters the owner of an aging high-class hotel, who tells him of his early years serving as a lobby boy in the hotel's glorious years under an exceptional concierge.",177
179,180,Gone Girl,2014.0,149 min,"['Drama', 'Mystery', 'Thriller']",8.1,"With his wife's disappearance having become the focus of an intense media circus, a man sees the spotlight turned on him when it's suspected that he may not be innocent.",169
180,181,Hacksaw Ridge,2016.0,139 min,"['Biography', 'Drama', 'History']",8.1,"World War II American Army Medic , who served during the Battle of Okinawa, refuses to kill people and becomes the first man in American history to receive the Medal of Honor without firing a shot.",197
181,182,Inside Out,,95 min,"['Animation', 'Adventure', 'Comedy']",8.1,"After young Riley is uprooted from her Midwest life and moved to San Francisco, her emotions - Joy, Fear, Anger, Disgust and Sadness - conflict on how best to navigate a new city, house, and school.",198
182,183,12 Years a Slave,2013.0,134 min,"['Biography', 'Drama', 'History']",8.1,"In the antebellum United States, , a free black man from upstate New York, is abducted and sold into slavery.",109
183,184,Rush,,123 min,"['Action', 'Biography', 'Drama']",8.1,The merciless 1970s rivalry between Formula One rivals  and .,61
184,185,Ford v Ferrari,2019.0,152 min,"['Action', 'Biography', 'Drama']",8.1,American car designer  and driver  battle corporate interference and the laws of physics to build a revolutionary race car for Ford in order to defeat Ferrari at the 24 Hours of Le Mans in 1966.,194
185,186,Spotlight,,129 min,"['Biography', 'Crime', 'Drama']",8.1,"The true story of how the Boston Globe uncovered the massive scandal of child molestation and cover-up within the local Catholic Archdiocese, shaking the entire Catholic Church to its core.",189
186,187,Prisoners,2013.0,153 min,"['Crime', 'Drama', 'Mystery']",8.1,"When Keller Dover's daughter and her friend go missing, he takes matters into his own hands as the police pursue multiple leads and the pressure mounts.",152
187,188,Mad Max: Fury Road,2015.0,120 min,"['Action', 'Adventure', 'Sci-Fi']",8.1,"In a post-apocalyptic wasteland, a woman rebels against a tyrannical ruler in search for her homeland with the aid of a group of female prisoners, a psychotic worshiper, and a drifter named Max.",194
188,189,Warrior,2011.0,140 min,"['Action', 'Drama', 'Sport']",8.1,"The youngest son of an alcoholic former boxer returns home, where he's trained by his father for competition in a mixed martial arts tournament - a path that puts the fighter on a collision course with his estranged, older brother.",231
189,190,Gran Torino,2008.0,116 min,['Drama'],8.1,"Disgruntled Korean War veteran Walt Kowalski sets out to reform his neighbor, Thao Lor, a Hmong teenager who tried to steal Kowalski's prized possession: a 1972 Gran Torino.",173
190,191,Harry Potter and the Deathly Hallows: Part 2,2011.0,130 min,"['Adventure', 'Fantasy', 'Mystery']",8.1,"Harry, Ron, and Hermione search for Voldemort's remaining Horcruxes in their effort to destroy the Dark Lord as the final battle rages on at Hogwarts.",150
191,192,Hachi: A Dog's Tale,2009.0,93 min,"['Biography', 'Drama', 'Family']",8.1,A college professor bonds with an abandoned dog he takes into his home.,71
192,193,Mary and Max,2009.0,92 min,"['Animation', 'Comedy', 'Drama']",8.1,"A tale of friendship between two unlikely pen pals: Mary, a lonely, eight-year-old girl living in the suburbs of Melbourne, and Max, a forty-four-year old, severely obese man living in New York.",194
193,194,How to Train Your Dragon,2010.0,98 min,"['Animation', 'Action', 'Adventure']",8.1,"A hapless young Viking who aspires to hunt dragons becomes the unlikely friend of a young dragon himself, and learns there may be more to the creatures than he assumed.",168
194,195,Into the Wild,2007.0,148 min,"['Adventure', 'Biography', 'Drama']",8.1,"After graduating from Emory University, top student and athlete Christopher McCandless abandons his possessions, gives his entire $24,000 savings account to charity and hitchhikes to Alaska to live in the wilderness. Along the way, Christopher encounters a series of characters that shape his life.",298
195,196,No Country for Old Men,2007.0,122 min,"['Crime', 'Drama', 'Thriller']",8.1,Violence and mayhem ensue after a hunter stumbles upon a drug deal gone wrong and more than two million dollars in cash near the Rio Grande.,140
196,197,V for Vendetta,2005.0,132 min,"['Action', 'Drama', 'Sci-Fi']",8.1,"In a future British tyranny, a shadowy freedom fighter, known only by the alias of ""V,"" plots to overthrow it with the help of a young woman.",141
197,198,Million Dollar Baby,2004.0,132 min,"['Drama', 'Sport']",8.1,A determined woman works with a hardened boxing trainer to become a professional.,81
198,199,Hotel Rwanda,2004.0,121 min,"['Biography', 'Drama', 'History']",8.1,", a hotel manager, houses over a thousand Tutsi refugees during their struggle against the Hutu militia in Rwanda, Africa.",122
199,200,Before Sunset,2004.0,80 min,"['Drama', 'Romance']",8.1,"Nine years after Jesse and Celine first met, they encounter each other again on the French leg of Jesse's book tour.",116
200,201,Memories of Murder,2003.0,132 min,"['Crime', 'Drama', 'Mystery']",8.1,"In a small Korean province in 1986, two detectives struggle with the case of multiple young women being found raped and murdered by an unknown culprit.",151
201,202,Kill Bill: Vol. 1,2003.0,111 min,"['Action', 'Crime', 'Drama']",8.1,"After awakening from a four-year coma, a former assassin wreaks vengeance on the team of assassins who betrayed her.",116
202,203,Finding Nemo,2003.0,100 min,"['Animation', 'Adventure', 'Comedy']",8.1,"After his son is captured in the Great Barrier Reef and taken to Sydney, a timid clownfish sets out on a journey to bring him home.",131
203,204,Catch Me If You Can,2002.0,141 min,"['Biography', 'Crime', 'Drama']",8.1,"Barely 21 yet, Frank is a skilled forger who has passed as a doctor, lawyer and pilot. FBI agent Carl becomes obsessed with tracking down the con man, who only revels in the pursuit.",182
204,205,Amores perros,2000.0,154 min,"['Drama', 'Thriller']",8.1,"A horrific car accident connects three stories, each involving characters dealing with loss, regret, and life's harsh realities, all in the name of love.",153
205,206,"Monsters, Inc.",2001.0,92 min,"['Animation', 'Adventure', 'Comedy']",8.1,"In order to power the city, monsters have to scare children so that they scream. However, the children are toxic to the monsters, and after a child gets through, two monsters realize things may not be what they think.",217
206,207,Neon Genesis Evangelion: The End of Evangelion,1997.0,87 min,"['Animation', 'Action', 'Drama']",8.1,Concurrent theatrical ending of the TV series  (1995).,54
207,208,The Sixth Sense,1999.0,107 min,"['Drama', 'Mystery', 'Thriller']",8.1,"A frightened, withdrawn Philadelphia boy who communicates with spirits seeks the help of a disheartened child psychologist.",123
208,209,The Truman Show,1998.0,103 min,"['Comedy', 'Drama']",8.1,An insurance salesman discovers his whole life is actually a reality TV show.,77
209,210,The Big Lebowski,1998.0,117 min,"['Comedy', 'Crime', 'Sport']",8.1,"Ultimate L.A. slacker Jeff ""The Dude"" Lebowski, mistaken for a millionaire of the same name, seeks restitution for a rug ruined by debt collectors, enlisting his bowling buddies for help while trying to find the millionaire's missing wife.",239
210,211,In the Mood for Love,2000.0,98 min,"['Drama', 'Romance']",8.1,"Two neighbors form a strong bond after both suspect extramarital activities of their spouses. However, they agree to keep their bond platonic so as not to commit similar wrongs.",177
211,212,Trainspotting,1996.0,93 min,['Drama'],8.1,"Renton, deeply immersed in the Edinburgh drug scene, tries to clean up and get out, despite the allure of the drugs and influence of friends.",141
212,213,Fargo,1996.0,98 min,"['Crime', 'Thriller']",8.1,Minnesota car salesman Jerry Lundegaard's inept crime falls apart due to his and his henchmen's bungling and the persistent police work of the quite pregnant Marge Gunderson.,174
213,214,La Haine,1995.0,98 min,"['Crime', 'Drama']",8.1,24 hours in the lives of three young men in the French suburbs the day after a violent riot.,92
214,215,Before Sunrise,1995.0,101 min,"['Drama', 'Romance']",8.1,"A young man and woman meet on a train in Europe, and wind up spending one evening together in Vienna. Unfortunately, both know that this will probably be their only night together.",180
215,216,Jurassic Park,1993.0,127 min,"['Action', 'Adventure', 'Sci-Fi']",8.1,A pragmatic paleontologist touring an almost complete theme park on an island in Central America is tasked with protecting a couple of kids after a power failure causes the park's cloned dinosaurs to run loose.,210
216,217,In the Name of the Father,1993.0,133 min,"['Biography', 'Crime', 'Drama']",8.1,A man's coerced confession to an I.R.A. bombing he did not commit results in the imprisonment of his father as well. An English lawyer fights to free them.,155
217,218,Dead Poets Society,1989.0,128 min,"['Comedy', 'Drama']",8.1,Maverick teacher John Keating uses poetry to embolden his boarding school students to new heights of self-expression.,117
218,219,The Princess Bride,1987.0,98 min,"['Adventure', 'Family', 'Fantasy']",8.1,"While homesick in bed, a young boy's grandfather reads him the story of a farmboy-turned-pirate who encounters numerous obstacles, enemies and allies in his quest to be reunited with his true love.",197
219,220,Stand by Me,1986.0,89 min,"['Adventure', 'Drama']",8.1,"After the death of one of his friends, a writer recounts a childhood journey with his friends to find the body of a missing boy.",128
220,221,Platoon,1986.0,120 min,"['Drama', 'War']",8.1,"Chris Taylor, a neophyte recruit in Vietnam, finds himself caught in a battle of wills between two sergeants, one good and the other evil. A shrewd examination of the brutality of war and the duality of man in conflict.",219
221,222,"Paris, Texas",1984.0,145 min,['Drama'],8.1,"Travis Henderson, an aimless drifter who has been missing for four years, wanders out of the desert and must reconnect with society, himself, his life, and his family.",167
222,223,Nausicaä of the Valley of the Wind,1984.0,117 min,"['Animation', 'Adventure', 'Sci-Fi']",8.1,Warrior and pacifist Princess Nausicaä desperately struggles to prevent two warring nations from destroying themselves and their dying planet.,142
223,224,The Thing,1982.0,109 min,"['Horror', 'Mystery', 'Sci-Fi']",8.1,A research team in Antarctica is hunted by a shape-shifting alien that assumes the appearance of its victims.,109
224,225,Fanny and Alexander,1982.0,188 min,['Drama'],8.1,"Two young Swedish children in the 1900s experience the many comedies and tragedies of their lively and affectionate theatrical family, the Ekdahls.",147
225,226,Blade Runner,1982.0,117 min,"['Action', 'Drama', 'Sci-Fi']",8.1,"A blade runner must pursue and terminate four replicants who stole a ship in space, and have returned to Earth to find their creator.",133
226,227,The Elephant Man,1980.0,124 min,"['Biography', 'Drama']",8.1,"A Victorian surgeon rescues a heavily disfigured man who is mistreated while scraping a living as a side-show freak. Behind his monstrous façade, there is revealed a person of kindness, intelligence and sophistication.",218
227,228,Stalker,1979.0,162 min,"['Drama', 'Sci-Fi']",8.1,A guide leads two men through an area known as the Zone to find a room that grants wishes.,90
228,229,Life of Brian,1979.0,94 min,['Comedy'],8.1,"Born on the original Christmas in the stable next door to , Brian of Nazareth spends his life being mistaken for a messiah.",123
229,230,The Deer Hunter,1978.0,183 min,"['Drama', 'War']",8.1,An in-depth examination of the ways in which the Vietnam War impacts and disrupts the lives of several friends in a small steel mill town in Pennsylvania.,154
230,231,Rocky,1976.0,120 min,"['Drama', 'Sport']",8.1,A small-time Philadelphia boxer gets a supremely rare chance to fight the world heavyweight champion in a bout in which he strives to go the distance for his self-respect.,171
231,232,Network,1976.0,121 min,['Drama'],8.1,"A television network cynically exploits a deranged former anchor's ravings and revelations about the news media for its own profit, but finds that his message may be difficult to control.",187
232,233,Barry Lyndon,1975.0,185 min,"['Adventure', 'Drama', 'History']",8.1,An Irish rogue wins the heart of a rich widow and assumes her dead husband's aristocratic position in 18th-century England.,123
233,234,Cool Hand Luke,1967.0,127 min,"['Crime', 'Drama']",8.1,"A laid back Southern man is sentenced to two years in a rural prison, but refuses to conform.",93
234,235,Persona,1966.0,83 min,"['Drama', 'Thriller']",8.1,A nurse is put in charge of a mute actress and finds that their personae are melding together.,94
235,236,Andrei Rublev,1966.0,205 min,"['Biography', 'Drama', 'History']",8.1,"The life, times and afflictions of the fifteenth-century Russian iconographer St. Andrei Rublev.",96
236,237,The Battle of Algiers,1966.0,121 min,"['Drama', 'War']",8.1,"In the 1950s, fear and violence escalate as the people of Algiers fight for independence from the French government.",116
237,238,The 400 Blows,1959.0,99 min,"['Crime', 'Drama']",8.1,"A young boy, left without attention, delves into a life of petty crime.",71
238,239,Ben-Hur,1959.0,212 min,"['Adventure', 'Drama', 'History']",8.1,"After a Jewish prince is betrayed and sent into slavery by a Roman friend in 1st-century Jerusalem, he regains his freedom and comes back for revenge.",150
239,240,Nights of Cabiria,1957.0,110 min,['Drama'],8.1,A waifish prostitute wanders the streets of Rome looking for true love but finds only heartbreak.,97
240,241,The Bridge on the River Kwai,1957.0,161 min,"['Adventure', 'Drama', 'War']",8.1,"British POWs are forced to build a railway bridge across the river Kwai for their Japanese captors in occupied Burma, not knowing that the allied forces are planning a daring commando raid through the jungle to destroy it.",222
241,242,On the Waterfront,1954.0,108 min,"['Crime', 'Drama', 'Thriller']",8.1,"An ex-prize fighter turned New Jersey longshoreman struggles to stand up to his corrupt union bosses, including his older brother, as he starts to connect with the grieving sister of one of the syndicate's victims.",214
242,243,The Wages of Fear,1953.0,131 min,"['Adventure', 'Drama', 'Thriller']",8.1,"In a decrepit South American village, four men are hired to transport an urgent nitroglycerine shipment without the equipment that would make it safe.",150
243,244,The Third Man,1949.0,93 min,"['Film-Noir', 'Mystery', 'Thriller']",8.1,"Pulp novelist Holly Martins travels to shadowy, postwar Vienna, only to find himself investigating the mysterious death of an old friend, Harry Lime.",149
244,245,Rebecca,1940.0,130 min,"['Drama', 'Film-Noir', 'Mystery']",8.1,A self-conscious woman juggles adjusting to her new role as an aristocrat's wife and avoiding being intimidated by his first wife's spectral presence.,150
245,246,Mr. Smith Goes to Washington,1939.0,129 min,"['Comedy', 'Drama']",8.1,"A naive youth leader is appointed to fill a vacancy in the U.S. Senate. His idealistic plans promptly collide with corruption at home and subterfuge from his hero in Washington, but he tries to forge ahead despite attacks on his character.",239
246,247,Gone with the Wind,1939.0,238 min,"['Drama', 'History', 'Romance']",8.1,The manipulative daughter of a Georgia plantation owner conducts a turbulent romance with a roguish profiteer during the American Civil War and Reconstruction periods.,167
247,248,It Happened One Night,1934.0,105 min,"['Comedy', 'Romance']",8.1,"A renegade reporter trailing a young runaway heiress for a big story joins her on a bus heading from Florida to New York, and they end up stuck with each other when the bus leaves them behind at one of the stops.",212
248,249,The Passion of Joan of Arc,1928.0,114 min,"['Biography', 'Drama', 'History']",8.1,"In 1431, Jeanne d'Arc is placed on trial on charges of heresy. The ecclesiastical jurists attempt to force Jeanne to recant her claims of holy visions.",151
249,250,The General,1926.0,67 min,"['Action', 'Adventure', 'Comedy']",8.1,"After being rejected by the Confederate military, not realizing it was due to his crucial civilian role, an engineer must single-handedly recapture his beloved locomotive after it is seized by Union spies and return it through enemy lines.",239
